id,oriented,tetrahedra
eLAkbccddhhsqw,1,4
fLLQcacdeeenkdicr,0,5
fLLQcaddeeejpuplr,0,5
fLLQcbeddeehtjkiu,1,5
fLLQcacdeeejbaakn,1,5
gLLMQbcdefffebbhtvr,0,6
gLLQPccddeffunnvuxj,0,6
gLvQQaefdeffnhqhvwn,0,6
gLLAQbcedeffasxflor,0,6
gLLMQbcefefflstmmxo,0,6
gLLAQbdceefftvnmtrw,0,6
gLLPQccdeffflnrmibf,0,6
gLLAQbcedeffajhftok,0,6
gLLMQbcdfefftsrdenc,1,6
gLLAQbddefffxvjxlbf,1,6
gLLAQbcdeefflsohhsk,1,6
gLLMQbcdfeffdfjedos,1,6
hLLAPkcddefgggpfvqfvkk,0,7
hLvAQkbfefegggthpahlwr,0,7
hLLAMkbdedfgggevaslmmt,0,7
fLLQccecddelqccwn,1,5
hLLAAkccdeefggakvhuvqw,0,7
hLLAAkcedeefgghtvaehqw,0,7
hLLLQkbcfgegfgebpmegcc,0,7
hLvAQkadfefgggjpujfjvv,0,7
hLLAMkcdeeffgglgpuiojr,0,7
hLLAMkbeedffggaaeoawkk,0,7
hLLAAkcddeffgghrrahoan,0,7
hLLAPkcddefgggugvuvvrr,0,7
hLLPPkcdefeggglkaelsws,0,7
hLLPPkcdefegggpcpqubbj,0,7
fLLQcacdedejbqqsw,1,5
hLLLQkbceffgfgdfexmfoj,0,7
hLLPAkccdeffggtkfpmbuj,0,7
hLLAPkccdegffgakvhkvjs,0,7
hLLAPkbdedgfggljascvnb,0,7
hLLMPkbdedfgggtsafosfw,0,7
hLLAPkacdegfggjbaaaakk,0,7
hLLAMkaddefgggjpupoall,0,7
hLLLQkbddfggfgdwfebrbc,1,7
hLLAPkbcdegfgghfceccvc,1,7
hLLLQkcdfgffggqfdadcrc,1,7
hvLAQkcdfgefggwjlxbeaj,1,7
hLLAPkbddegfggevoprjcf,1,7
hLLLQkbddffgggtvsdgrvg,1,7
hLvAQkbeffgefgdaheapsr,0,7
hLvAQkadfgefggjaesgcgf,1,7
hLLMPkacefefggjbhoojar,1,7
fLLQcbcdeeehvomqm,1,5
iLLLMQcbcgghhfghasdafjsww,0,8
iLLLAQcbedegghhhaafmhvxex,0,8
iLLzMQccdeghfghhpfqtwfkfc,0,8
ivLAAQcecffgghhhcoteaulwk,0,8
gLLMQbeefeffdlaxuud,0,6
gLvQQcdcfeefhjnqhnk,1,6
gLLAQccedfefqfhjqsn,1,6
iLLAMMcbeedffghhaapwabchk,0,8
iLLPMMcccdfefghhakkaxfhhn,0,8
iLLAMMcbdeeffghhevdpancqn,0,8
iLLLAQcbcfgehgghlshatqfvn,0,8
iLLLMQcbcfghghhgdfmagkcgs,0,8
iLLALQccedehhgghutvucgfgf,0,8
iLLLAQcbcgfehhghdfhxdtarh,0,8
iLvQMPcadfeegghhneqdkuujw,0,8
iLLLAQcacfefghhhjbkckbtux,0,8
iLLLMQcacfgfgfhhnknssswlj,0,8
iLLLQMcbedgffghhaanxhjshs,0,8
iLLLMQcbedgffghhaafijjojk,0,8
iLLALQccddeghhghhrrajapgl,0,8
iLLLMQcbcfghhfghtsiabbsvc,0,8
iLLLAQcbceggfhhhasdalsldd,0,8
iLLLAQcbddffhghhtvwhgaopp,0,8
iLLLMQcbcegfhhghtsuagwnvc,0,8
ivLAMQccefgehhghvjqpbmojr,0,8
iLLzQPccdegefghhlkaxlfcmk,0,8
iLLLMQcbcegfhhghtsmagckvc,0,8
gLLAQbdceefflvrxdjr,1,6
gLLAQacdefefjsxaxkj,1,6
iLLLAQcacfeehghhjkgcomvll,0,8
iLLLAQcacfegghhhjkgckrmai,0,8
iLLLMQcbcfghhfhgdfphfjwnw,0,8
iLLMPMcbdedfgghhljafojoxw,0,8
iLLAPMcbdedgfghhtsasnvchr,0,8
iLLLMQcbedefhgghaafdbvoks,0,8
iLLALQcbcedghghhdwujcdcah,0,8
iLLMwQcbdedfghhhtsafxaagb,0,8
iLLALQcbcedghghhektffeoqx,0,8
iLLMwQcbcdfeghhhdfjedeekk,0,8
iLLLMQcbdfgfhfhhdwapnwnsw,0,8
iLLLMQcbedfgghghaafusssor,0,8
iLLMLQcbcdfgfghhxbbabbwhj,1,8
iLLALQcbcdefghhhxbbqowpqp,1,8
gLLAQbdedfffdwavafj,1,6
ivLAAQccefeghhghfvagiarwb,1,8
gvLQQcdefeffbfrpfxd,1,6
iLLLPQcbcfehfghhebmxowvrk,0,8
iLvLQQcbefghghghetaqhkwww,1,8
iLLLQMcbdefegghhlvhedkkhs,1,8
iLLLMQcbcefhghghdfaxwwvvj,1,8
iLLLQPcbddfgfghhtvsdvnvaw,1,8
iLwLPQcacgefhhghjgbbjmmbl,0,8
iLvPAQcafegefghhjudgwbclj,0,8
iLLLMQcacfegghhhjbgckkxlp,0,8
iLvLQQcadgfgfhhhnhgfrnrjn,1,8
iLLzMQccdeghgfhhtkaxnvkko,1,8
iLvAPQcadefgfghhnaefjroik,1,8
iLLMPMcacdegfghhnkacpfavw,1,8
gLLMQbcdeffftbbhisb,0,6
gLLMQbcdeffflsbhqsk,0,6
gLLPQcdefefflwqpmaf,1,6
gLLAQccdefffhwvlqnc,1,6
jLLLLQQbceifghhiiajdwjnrfjc,0,9
jLLwMMQcedfghhiiiahvpkkwxml,0,9
jLLLMPQbegehhgiiiaatdlrotad,0,9
jLLLAPQbeffghihiiaaduqjxkdu,0,9
jLLAPzQcddefghiiipfvqfvaakk,0,9
jvLAAPQdcefghiihinbbqibgbrr,0,9
jvLAAPQcedgfihihiwvsquvvbww,0,9
hLLAMkbdedfgggevdsemda,0,7
hLLAAkaeddefggniadcfqn,1,7
jLLAwAQbeedfhhhiiaapwxpepqn,0,9
jLLLMMQbedghhighiaafesshcnn,0,9
jLLMLQPbdedfgghiiajpfvnfmqn,0,9
jLLLMAQbceffhgihidnpegvohks,0,9
jLLPzAQccdefghihiubwdnjhqjn,0,9
jLLLLQQbcffhgghiiebpjgbwwcw,0,9
jLvLMQQcfghhigigitlaljnfnkk,0,9
jLLLLQQcddhghghiitgfnkrksqw,0,9
jLLLLQQbcfgifgihiebprfwjnwc,0,9
jLLLLQQbdgfiihghievlkrrwfgc,0,9
jLLLPPQacffghghiijbkkjpvpkr,0,9
jLvAAMQadfeghhhiinaqcvmmxaw,0,9
jLLLAMQccffghiihitnddldamuc,0,9
jLLLLQQbedghhfiiiaafjrkjwfo,0,9
jLLLPPQbdeghfhhiievmmwjjolj,0,9
jLLLLQQcdggifhgiiaganjwvcgv,0,9
jLLLAMQbegegfhhiiaaidmfgops,0,9
jLLLMAQcdgfefhiiiacaassoall,0,9
jLLLzQQbeffgghhiiaaqqssrrgk,0,9
jLLzLQQccdhfghiiiqffcfvjeem,0,9
jLLLAMQcedfghihiiparatapuhw,0,9
jLLLLQQbddghigihidwfrcuoufx,0,9
jLLLLQQbcehfighiiasdkskvfsw,0,9
jLLvAQQbeehfhiiihaamarsrvob,0,9
jLLLAMQbefgfhhiiiaaedesbqli,0,9
jLLAPzQcddefghiiiugvuvvaarr,0,9
hLLAPkbdedfggglwaoswwk,1,7
jLwwwQQacefhigihijgqwatinvc,0,9
jLLLLQQbddfhigihidwfvcdnifx,0,9
jLLLLQQcddifghihipkrafskpra,0,9
jLvLAQQbdfehighiidfedkecblt,0,9
jLvLAQQbdfehighiidfednecbmm,0,9
jLvAPPQadfghfiihijaqvebxmdk,0,9
jLLLLQQbddfhigihidwfccenpfx,0,9
hLLAPkacdefgggjkaidmob,1,7
hLLAAkbdceefggdknxdfhr,1,7
hLLPPkaedeffggnqlxkcan,1,7
hLLAPkbddegffgxvrdvvnr,1,7
hLLAAkcddefeggugvdanxj,1,7
jLLLAPQbdfgehghiihgahepkisw,0,9
jLLLAQPbdffgfghiiajddunglhr,0,9
jLLwLQQacdghhiiihjkaaqallgb,0,9
jLLLMMQbegfehghiiaatpiggvtr,0,9
jLLPMPPcdefegghiitcaepvvtxk,0,9
jLLLLQQacfghfiihijkgguklldn,0,9
jLLLAMQbdefgghhiihgpmqrpqcw,0,9
jLLALPQbcedgghhiidwlfcoipnr,0,9
jLLMPMPbdedgfghiiljafcncxhr,0,9
jLLALPQbcedghghiidwujcejenr,0,9
jLLAPMPbdedfgghiitsasssshhw,0,9
jLLLLQQcegffghhiiapamorvfgj,0,9
jLLLLQQbedffghihiaafssojfrw,0,9
hLLLQkbddgffggtsfxgjfo,0,7
jLLALPQbcedhgiihitsxjxciquf,0,9
hLLAPkbdedfgggdsxvcsff,0,7
jLLLAPQbdfgehhiiidwaplppdes,0,9
jLLAMzQaddefghiiijpupoaaall,0,9
jLLAPzQacdegfhiiijbaaaaaakk,0,9
jLLALPQcdedgghhiiqgxrcjievn,1,9
jLLALMQbcedhhgiiixjxjhxjais,1,9
hvLAQkcdfeggfgffajhitv,1,7
hLLLQkbdegefggdwiplgkc,1,7
jvLAAPQdefegihhiiospfakvocc,1,9
hvLAQkcedfggfgkvkmuahk,0,7
hLvAQkbeffeggglaaddmrj,0,7
jLLLPQPbcfegfhhiiebmxnwrrxn,0,9
jLLLLQQccfggfhiiitnajjfjnfc,0,9
jLwLLQQacghifhiihjgjmtolulu,1,9
jLLLAMQbddgfghhiitvsugjqmgw,1,9
hLvAQkbefegfggexeautjc,1,7
jLLLMMQbcgefhgiiidfilrsvixu,1,9
jLLLMPQbcgfgfhhiidfixccvjxj,1,9
jLLLAPQbddgfghhiitvsugjqdrw,1,9
hLvAQkbeffegggtaaadmjj,0,7
jLLwAAQcedgfghhiiptvupcaxcs,0,9
jLvAwQQadfeihghiijaecaifapg,0,9
jLwLLQQacghfihihijgbpnatqlq,0,9
jLvALQQcdeigfihihpvdnrjvwww,0,9
jLLvPQQacfghghgiijbsklkavor,0,9
jLLzPPQcdefggihhipwatosxwsj,0,9
jLLLPAQadegfhhihijipsfmahhs,0,9
hLLAMkcddeffgghrrahfak,0,7
jLLLAAQbcggefhiiilspptseajc,0,9
jLLLAMQbegfgfiihiaaiqmjxlwp,0,9
jLvwMQQadfighgihijashrkklja,1,9
jLLLPPQcbegfhgiiilnxtgfvpxl,1,9
jLvAPAQadefgfhhiijaqrwwhhbn,1,9
jLLLzQQcbfegigihilniikhvpwi,1,9
jLLMLPQacdffhhihinkacciwjvj,1,9
jLLLLQQacfhhghgiinkgxafivlj,1,9
jLLMLPQacdfhghihinkacpapgvw,1,9
hvLAQkcedgffggfsfulxmf,0,7
hLLLQkbddfgfgghwfpffnr,0,7
hLvAQkbeffegggeaeaumvg,0,7
hLLLQkceffegggltqaqlss,0,7
hLLAPkbdedfgggevlsfvkc,0,7
hLLAMkbdedfggglraslmlh,0,7
hLLLQkcddfggfgpfkmjjff,0,7
hvLAQkcedgfgfgfjfmhahr,0,7
hLLLQkbedgffggdlflmrrg,1,7
kLvLLQQkcfhgjihgijjallcncfbcjg,0,10
kLLLLMQkbegghhjiijjaatpswdkvhh,0,10
iLLLQPcbefggehhhaahihtete,0,8
kLLLLMQkcdggihjihjjafanjvafctm,0,10
kLLLPAMkccfffghijjjqfatjfjaarr,0,10
kLLLLPQkbegfjigiijjaatmavgvgdd,0,10
kvLALPQkcedghigjjijkvcincwggjb,0,10
iLLLPQcceffgehghlhdddnkjj,1,8
kLLALMPkbedefhijiijaanuvndqeaw,0,10
kLLAvQAkbeediighijjaapwmqwcqqn,0,10
kLLLwMQkbedgigjhiijaafiaohftts,0,10
kLLvQAAkbefhgffhijjaaqaqssbxxj,0,10
kLLMLAMkbdedgghijijajpfjwlmqwn,0,10
kLLMPLAkbcdegfhihjjebbujbmlkxr,0,10
kLwLLPQkacgfihjjhijjgjktmadifr,0,10
kLLLLMQkbcfhihgjjjiebpooswlapw,0,10
kLvAzMQkcfegijhhijjuauacirgwtp,0,10
kLvAzMQkbefegiijhjjlqlekbvlrhh,0,10
kLLLLPQkbddfighhijjtvsnaokkqvw,0,10
kLLLzPQkbcfejgiihjjebpexjatwev,0,10
kLLLLAQkbedgfhiijjjaafjsswflpl,0,10
kLLLLAQkbddfhiihhjjtvsnvatkkcw,0,10
kLLLLQMkbceifhghjijajejjgbrhkw,0,10
kLLLLAQkbedgfhhijijaafwsnnkijk,0,10
kLLLwPQkacfeigjhhjjnkgcmvdljrv,0,10
kLLLLMQkcedgiijihjjtpfgsnabfdd,0,10
kLLLvQQkbedjgfjiiijaafabntfkod,0,10
iLvMQPcbefefghghhaaqaxasw,1,8
kLLLALQkbdefghjijjievmempulwoj,0,10
kLLwLQMkbceigihghjjajhffjssnhj,0,10
kLLLALQkbegegijhijjaaidmqpoxhf,0,10
kLLvMAQkacgfghjijjinksssmalnnj,0,10
kLLLAwQkbedgfhjiiijaanxhahqjjs,0,10
kLLLwMQkbedgigjhhjjaafiaoajkjj,0,10
kLLLvQQkbefggjijiijaaqsswowgvn,0,10
iLLLAQcbcfgefhhhtsiatsill,0,8
kLLLPwQkbedhghhjijjaaftjjfaavc,0,10
kLLAvQPkbcedhghjijjtsxjtcqaoww,0,10
kLLLMAMkccfegfhijjjlnamnfoaabb,0,10
kLvAMLQkcdeeghhjjjiavxicvopegj,0,10
kLLAvMQkbcedigijjjitsaftniiggb,0,10
kLLLLAQkbedfhhjjiijaafrjbidfox,0,10
iLvLQQccegfhhfghapaelbvvr,0,8
kLLvAQMkbeehfihihjjaadannwvbtn,0,10
kLLLLPQkcdggfhjiijjagakfvpwjmx,0,10
kLLLLQPkccfgifijjjilnagsfoaiig,0,10
kLLLAAMkccfgfghijjjqfaatfaaaii,0,10
kLLLAAMkbddffhgijjjtvwhgaoaapp,0,10
iLLAPMcbdedgfghhlwaojvoiw,1,8
iLLAzQcceddfhghhtqvnfefla,1,8
kLvAMAAkcdeeghgiijjaveqwgwppbw,0,10
kLLMvMQkacdehgjiijjjkactmocwnb,0,10
kLLAvAQkceddigijjjitqvnefleffb,0,10
kLLAvMQkbcedhgijijjtsxjtjhmrov,0,10
kLvAzMQkbefggjhiijjedeasegcrdq,0,10
kLvAzMQkbefggjhiijjedeasebcrah,0,10
kvLAAzQkecfegihjjijckpcpjkmmbe,0,10
kLwLALQkacgfeihjjijngjgbumufco,0,10
kLvALMQkadfihghjijjjaqdawqdpfv,0,10
kLLLAzQkacfeghijijjjkgckmipfbb,0,10
kLwPvAQkacdfgihjjijngxgamogbcv,0,10
iLLPAMcccdeffghhpfoxicmxn,1,8
iLLALQcbdedfgghhlvugofohw,1,8
iLLLQMcbcegfffhhebtahkjhw,1,8
iLLLQPcacgeeghghjkncvfqvj,1,8
iLvAPQcaefhggfghnhqxsjksn,1,8
iLLAPPcccdegfhghhwvlkvqss,1,8
iLLALQcacedghfhhnktiafngk,1,8
iLLLPQcbcfehfgghlshtwsnrn,1,8
iLLwQMcaedfggfhhjxqffnnqw,1,8
iLvAPQcaefefgghhjaqnfnsej,1,8
iLLAPMcadedfgfhhnillfewxj,1,8
kLLLLQAkccffgihiijjakarvwgckqs,0,10
kLLLLQAkbegeihighjjaaxigkjcwqs,0,10
kLLvQPAkcceghhighjjakmxcvxfnxk,0,10
kLvALQAkbfeggfiiijjaduivfvfgxk,0,10
kLLLPAAkcdfhghfhijjtceagsfbtxk,0,10
kLLLPPMkbedhhighijjaaflshofqjn,0,10
kLLLAPPkacfeghhjijjjkgckmaafrr,0,10
kLLLAAMkacfeehgijjjjkgcomvaall,0,10
kLvAPzQkcdchfgijjijhvrvcsqipho,0,10
kLLLMQzkbdeffghhijjxvdqncrgaxk,0,10
kLvPPLQkccgefihjjijqjaqchgtptg,0,10
kLLLLAQkacffhgjijijjkgvarlmgbf,0,10
kLLALLQkbcedhgjhjijdwlfqnamjrn,0,10
kLLALPAkbcedgghhijjdwljccqxvhw,0,10
kLLAzQzkceddfghhijjpqvrnridjqj,0,10
kLLALLQkbcedhgjhjijekejxjaecwj,0,10
kLLMLMAkbcefhhgihjjekemfjfmcxn,0,10
kLLLLPQkcegfghjjijiauamsvuuwps,0,10
kLLLvQQkbedjfghihjjaafarobfjtt,0,10
gLLAQbdeefffdwataus,0,6
ivLLQQcddehfghghojfxdmjkj,0,8
iLLALQcbcedfghhhtsafnoiht,0,8
kLLAMLPkbcedfgijijjektfhxfecdm,0,10
iLLLMQcbedeghhghaafmjnsgs,0,8
iLLALQcbcedghghhajhfjeotx,0,8
kLLAvQPkbcedhhgjijjtsxjtajarnn,0,10
kLLLMMPkcegfhfhjijjapaauojaprr,0,10
kLLLwQMkbedfihggjjjaafmagrkajj,0,10
kLLMwAMkbcdfeghijjjdfjedeeaakk,0,10
kLLALzQkcdedggijjijqgxrcjugnsc,1,10
kLLALPAkcdedghghijjqgxrclruvxk,1,10
ivLLQQccefgehhghwweibxwng,0,8
iLLLPQcbcgehfghhtsmtosbgc,0,8
iLLMMMcbceefgghhhfaxaoshr,1,8
iLLALQcbcdefhghhhkvxslklx,1,8
ivLAAQccefgfhghhfvpemhtnj,0,8
ivLLQQccdhegfhghjkdbldgrj,0,8
iLLPLQccdefhhgghlwppcokwc,0,8
ivLLQQccgfhehfghkuepnaafv,0,8
kLLLPPMkbddffghiijjtvsjjoruick,0,10
kLLLzQMkbcgeiihgjijdfihedjvehk,0,10
kLLLzAQkcddgfhhiijjlwfkfkbxlfs,0,10
iLLAzQccddefhghhhrraodght,0,8
kLLLLMQkbeghfhjijijaaitjnxwlgm,0,10
kLvAwPQkadfehjhjiijnaqcpaatmbc,1,10
kLLLMMMkcddfgfhiijjlwfqbfaejdw,1,10
kLLLLMQkacfghhiijjjnkgoaulltss,1,10
iLLzMQccdeggfhhhpfatoncfr,1,8
ivLLQQccgfhehfghwuetkiifv,0,8
kLLLLAQkcddhfghijjjlwfwfkcmtnj,1,10
kLLLMPMkbcgefighijjdfilrtvjlvj,1,10
kLLLLQMkcddgfhihijjlwfvfkegmcr,1,10
kLLLLQPkacfhhihjijjnkgxahiahtb,1,10
kLLLwQMkcddffhhiijjlwfqflaxggr,1,10
iLLPLQccdefhhgghtwapbjkoc,0,8
iLvLQQcbefghghghemmdikkvb,0,8
kLvALAQkcfeegijijhjuaupvnqfene,0,10
kLLLvQQkccfgjgjihijqfafeghnwcq,0,10
kLvLAPQkbdefjgjhhijtfqiabdorwv,0,10
kLLLLQPkcceifhgjjijpvqffwvaarh,0,10
kLvLAAQkceghhihgijjapapnfjbfuj,0,10
kLLLLPQkbedgjigjhijaafjpbrpkoq,0,10
kLwLLMQkacghfijhjijngjebdxpxfb,0,10
kLvwAMQkadfhggjiijjjasvrkaldmr,0,10
kLvAMLQkadfegjijihjjaqcjaldfjk,0,10
kLvAvQQkcdejfgjihijpvaikchsscl,0,10
kLLLLAQkccffgiihhjjqfakfcjjwar,0,10
kLLLAMAkcedfgghiijjtafapnlikmr,0,10
kLLMvQMkacdeghgiijjnkacexecrqn,0,10
kLLLLAQkbedifhigjijaafssnckirk,0,10
kLLLwMQkacfeighhijjnkgcivxmoow,0,10
kLLLAPPkacfeghgjjijnkgcbmjjvjg,0,10
kLLLvQQkbedjfghjiijaafawcjlowt,0,10
kLLLMMPkcceggfhjjijtnpegfwqlkc,1,10
kLLLPMAkcbegfhgiijjlnxtgwvtdck,1,10
kLLLMLQkacfehhiijijnkgclladick,1,10
kLLLLAQkacfihgihjijnkglavllhnj,1,10
kLLLMLQkbcfghhiiijjdfmaggptedn,1,10
kLLLLMQkacfhhjgjijinkgupuvdlkj,0,10
kLLLMMMkacfehfiiijjnkgsqbadgvw,0,10
ivLAPQcdedfhghghrvchaqbws,0,8
iLLAzQccddefhghhhsjaopgdi,0,8
iLLLMQcbcfefhghhebpugwvko,0,8
iLvAMQccdfghfghhuvdaccjsc,0,8
iLLLMQcccegfghhhqfxucfgnk,0,8
iLLALQcbcedghghhasxfslodh,0,8
iLLMwQcbcdefghhhebbuuaasj,0,8
iLLLMQcbdeehgghhdkiigkrof,0,8
iLLLMQcbedfghghhlufhvcojv,0,8
iLLAPPcceddfghhhpqvnnvpta,0,8
iLLLMQccdefgfhhhacpabfwbn,0,8
iLLLAQcbedefghhhaafmekeua,0,8
iLLLPQccdfehghghlwplrnkbw,0,8
iLLLAQcbegfghfhhluquqfbfk,1,8
jLLALMQbdedhhiiihevdsmdaeee,0,9
jLLzMQPaceefghgiinkacvxqrhn,1,9
jLLLLQQbcfhifghhiebpffccofj,1,9
jLvAAAQaeffgghhiinhqrkjltsj,1,9
jLLLPPQccegfghihitndlofvxwk,0,9
jLLLPAQbddfhfgiiidwfgwcoaxx,0,9
jLvLMQQbdegfihhiiafdrfcsocn,0,9
jLLLzQQbddfhghiiidwfgcojtte,0,9
jLLLLQQbedghghiiiaafjjsvvff,0,9
jLLALPQbcedgghhiidvajccahnr,1,9
jLLALPQbcedhgiihidvajqcetmk,1,9
jLLvAQQcefhiggihiqtaawffocr,1,9
jLLLMMQbdeghgihhitvptjohwgr,1,9
jLLMPMPbdedfgghiilwajowrehr,1,9
jLLAPMPbdedgfghiitrasjvoehw,1,9
jLLALMQbdceghgiiievnlvugabn,1,9
jLLAvQQbdediggihilvugurkmwj,1,9
jLLvPQQaefghiihihnqvvjiavxs,1,9
jLvPAPQccgfehihiihrahtptxtv,1,9
jLLLPQPcddfgfghiilgforfnfxk,1,9
jLLLPAQbcfehfhhiiebpmocnfhw,1,9
jLLLAQPbdgegfhgiixktttjlgqj,1,9
jLLPPMPcdefegghiiucuepvkeqj,1,9
jLLLAQPbdeefhggiierqqpljkqj,1,9
jLLLMMQaceghgihhijkscpcqllj,1,9
jLvAAAQbeffgfhihidaheacnhww,1,9
jLvLPQQaeihgfhghinxxgbkkkon,1,9
jLLLQPPaceggfhgiinkfsbwpvhw,1,9
jLvAMAQcdegghgihipjauofvhww,1,9
jLLPwAQccdfehgihitnkaahahww,1,9
jLLAwAQcddefghihihrvahaxxkn,1,9
jLLLLQQbcdhgighhilsnowqgssj,1,9
jLLAzAQacedghfhiinktitrncin,1,9
jLLLQLQbdggefhhiilvmmtgehow,1,9
jLLvPQQacggifhiihjksbakaxlj,1,9
jLLLLQQbdefhhighievqkofjjjr,1,9
jLLLPMQacefghgihijksbbhwikj,1,9
jLLLMMQccfegfiiihubadssptxk,1,9
jLvAMPQadfehhghiijqqftaspuw,1,9
jLLLMMQacgehfghiijkgcdkkpsj,1,9
jLLMwQPacdfeghgiinbxccaqnhn,1,9
hLLAAkcddeffgglkwatrqj,0,7
hLLLQkbddgffggdwfpgvrn,0,7
hLvAQkbefegfggdaduauww,1,7
jLvALQQcdeghghiiiavewvrkvks,0,9
hLLLQkcddfgfggpkrugvcc,1,7
jLLLPMQcddghfihiipkrgbfardu,0,9
jLLALAQccdeghghiitkvhjucdoj,0,9
jLLALAQbcedhhgiiitsxjxucpqo,0,9
jLLvAQQbefgfihhiiaapqjjvnnv,0,9
jLLLMMQbddgfgihiixkfujjaegg,0,9
jLLvQPQbeehfigihiaadaduolsd,0,9
jLLAPzQbdedfghiiidsxvcsaaff,0,9
jLvAwQQcdeghgihiipvaunvavei,0,9
jvLALQQdcegiihghiobjeackswf,0,9
jLwMvQQacefghiihijgqjlqqvfo,0,9
jLLLzQQbddfhighiidwfgcxnbpe,0,9
jLLAzQPcdedfghhiiqgxrkjtpnk,1,9
jLLALPQbcedhghiiihfasxjaalf,1,9
jvLAAPQcefegihihijvpjafrjfn,0,9
jLvAAPQcdefghihiihvathatdhb,0,9
jLLvAQQcefhghhiiilpaaggsonw,0,9
jLLLLQQbdgffiihhievikfvbvsc,0,9
jLLzMQPcdeghhghiilwpacoooar,0,9
jLvAMPQcdegfihhiilveasqvjep,0,9
jvLAAPQdefeghiihiosenpwsvso,0,9
jLLLwQQcegfhiihhiapaercnkkn,0,9
jLvAMPQcdegfihhiipvaujmngdp,0,9
jLLzMPQcdfgghghiilwqabooouk,1,9
jLLLLQQbedfgghiiielfcnkfsow,1,9
jLLwAPQcedgfihhiipavhpulahr,0,9
jLLLLQQbdffhiiihhhgdsgvbnkf,0,9
jLLzMQPcdeghhghiitwaabjooak,0,9
jLLvAQQcefhghhiiiptapsggorc,0,9
jLvLMQQcfehiggihillqpcfngfc,0,9
jLLLAMQbefgfhihiiaaeaespnmm,0,9
jLvAPMQcfeghhhgiillaalrkbaj,0,9
jLLLzQQbeffggiiihaaqqsswwbn,0,9
jLLPwPQcdeffiihihhsataadeej,1,9
jLvAwQQcdeghghiiipvaugvslle,0,9
jLvAMPQcdegfihhiipvaurlvjep,0,9
hLLAMkcddeffgghsjahwar,1,7
jLLALPQccdefihihiakvhvxlauc,0,9
jLLLLQQccfigfghiiqfavgfoffc,0,9
hLvAQkbeffgefgdadeahrn,1,7
jLLLLQQbddfhihiihajfsjtcxuf,0,9
jLLLPQPbcfefghhiidfqtgkrrxn,0,9
jLvLAQQbdfegghiiidfhdrswttd,0,9
jLvwMQQbegfhgihiihdehwnnwvf,0,9
jLLLMMQbedefhiihiaafmwndlfq,0,9
hLLAPkacdegfggnkaaaajs,1,7
jLLLAPQbdeegihihidsxpxuxtec,0,9
jLLAPLQccdegfihiiakvhvvaajs,0,9
jLLLMMQbdeefhihiidsxpcstvdl,0,9
hLLAPkaedefgggniaejdle,1,7
jLLLAMQbdeefhiihidkiipxttiv,0,9
jLLLMPQbddfghgiiidsrdjesmsr,0,9
hLLPPkcdefgfgglwuptkjw,1,7
jLLLzQQcdfeighihilwplawwuct,0,9
jLLLPPQbedfgghiiitmfpkkvdaa,0,9
jLLLAPQbedfghiihitmfxhahhqw,0,9
jLLLzQQbeffghgiiidlddvowjko,0,9
jLLLMMQcdgfghihiiacaakcawqu,0,9
jLLvAQQbeehgiihhiaamajnbvnn,0,9
jLLAwAQbeedfhgiiiaapwapcdcg,0,9
jLLLAAQcedfghgiiipasapacann,0,9
jLLvQAQcdhefghiiilwalknoxaa,0,9
jLLLMAQcdffghfiiihstagbfiht,1,9
jLLLAAQbcfgehgiiilshatefabk,1,9
kLLLLMQkbcgfhghiijjdfdgwccwcdn,1,10
kLLLLAQkcceghhjjijipvugbotqotj,0,10
kLvLwQQkcfggfiihijjpuajcobsooj,1,10
kLvLMMQkaeghfjihjjijxgcvlhsxpk,1,10
kLvLAMQkaegffhhiijjjxgoobkldjk,0,10
kLLwLQMkbcegiihghjjajhsjjssnxj,0,10
iLLAMPcbdeefghhhdwatacauu,0,8
kLLLLPQkbedfgjhiijjaafjoxbwoit,0,10
kLLAvPQkbcedgjhhijjtsafoahtbnn,0,10
kLLLAAMkbcfgefhijjjtsiatsiaall,0,10
kLLLLPQkbedfgjihjijaafjjxgreot,0,10
kLLLLAQkbedigghijjjaafskffvhph,0,10
kLvAMMMkcdeegghiijjavxicnvtecn,0,10
kLLAvPQkbcedgjhiijjtsxjcaptrbk,0,10
kLLvAAQkbefhigihjjjaaiaksofqqu,0,10
kLLvLQQkbefihighjjjaapskcowkfg,0,10
kLLLvQQkbedjhgijiijaafajojlobd,0,10
kLLLAPMkcddeghgiijjpgrmgajajan,1,10
kLLMvMQkacdeghjiijjjkanamgnvgo,1,10
kLLALLQkbcedgihjjijdvajcehabcf,1,10
kLLALPAkbcedghghijjdvajcejenhw,1,10
kLLLAzQkcddeghjjiijpgrmgaumkjs,1,10
kLLMvPQkcdedghijijjpkhrrmpuokw,1,10
kLLvAPQkcdehighijjjqgpapffiaqv,1,10
kLLvAQPkcefhhigjijjtqaaffkqnha,1,10
kLvzLQQkccfigjhhjijhrfjwssvngs,1,10
kLvAMQzkcdegfhhgijjlramcjwkmqs,1,10
kLvAMAAkbefgehghijjdaxhdfrwhhw,1,10
kLLLzQAkcddgfhhihjjtgfsfwshghw,1,10
kLLLwQAkbcfeiighijjdfpqtajvhhr,1,10
kLLLMPAkcdeegghhijjtgimgrvodxk,1,10
kLLzzAQkcdchfgijjijhsrvfvauueg,1,10
kLLMwQzkbcdefhghijjtsbhutmkaqj,1,10
kLLPLzQkcdcfgihjjijhsraoaumovc,1,10
kLLLLPQkbcdhgjiijijlsnobxmmqeu,1,10
kLLAwPMkbdedfhgiijjlvugaewwopw,1,10
kLLAvPQkbdedgghijjjlvugrkhbrno,1,10
kLLLLAQkbcehifjhijjlsuojrhfwdl,1,10
kLLLLAQkacfihfijjjijkgiakdmxrb,1,10
kLLAvMQkbdedgiijhijlvugretxwjn,1,10
kLLLPwQkccfghhijijjpvahrbliqaf,1,10
kLLvAMQkaehfhigjjijjxonnioheak,1,10
kLLzLPQkcdchgijihjjhsrjvxtuoav,1,10
kLvzMMQkccefhihjijjhrxfwcvhrtt,1,10
kLLLLQAkcddhgigiijjlgfroqompxk,1,10
kLLLLQAkcddfggiiijjlgfwbbpqixk,1,10
kLLLLQAkcedgihigijjtufsnvnjbhr,1,10
kLLLzQPkbcfehihjiijdfppjajqahj,1,10
kLvAAQzkbeffghghijjlalexjvnhqs,1,10
kLvzMAQkccefhihijjjqjebrrvvaii,1,10
kLLLLMQkccegfjihiijubmjjhvvrvr,1,10
kLLAvQAkcddeiggiijjhrvalsgtrxn,1,10
kLLLMLQkacfegjihiijjkwcfqtmrcj,1,10
kLLALMMkcddeghgijijpcvaoandxnn,1,10
kLvALMQkcdcfghihijjhvrcvnxguvk,1,10
kLLvAMQkaceghjihiijjkcbdqiuxcj,1,10
kLLvPMQkaceihjhhiijjkrqmqqqaqj,1,10
kLLLAAAkbcgfehhihjjdfixdlahhhw,1,10
kLvALMQkcdcfhiihjijhvrschhchtk,1,10
kLLLPPAkccfggfhihjjlnalkfvqsqj,1,10
kLLLLQMkcdfggfhijijpclgvfvjhrr,1,10
kLLLAMMkccfgefihjijqfaaufleqwj,1,10
kLLLLQAkccfghighhjjubajbvsvvxn,1,10
kLLvQMAkcdhfegghijjtkxtsrwvihw,1,10
kLLLMPAkacfehighhjjjkncaavxmxn,1,10
kLLvMQAkcbgihfhghjjqnagnjcbkqj,1,10
kLLLMMAkacgfgfihhjjnkbbjwpuwhw,1,10
kLLLLQAkbcfigiighjjdfpgfcgwrhr,1,10
kLLLzQAkccfggfhihjjlnalbfkajqs,1,10
kLvPAPMkccgfehiihjjqjamtulancs,1,10
kLvPAPAkccgfefhiijjhraharulrqk,1,10
kLLLAPMkcdefgfihjijqruqikmuhww,1,10
kLLLLPQkbcdijghhjijlsnemgsspuf,1,10
kLvAQLPkadffeghjiijnqqoojqfssk,1,10
kLLLzPQkcddghgjjjiilgfgsjmpdmw,1,10
kLLLLMQkbcfggjiihjjdfpgfivkwud,1,10
kLLLzQMkcddhfighjijlgfwkijwpwn,1,10
kLLLLPQkacfgfjjiijijkgbkxlxfcb,1,10
kLvLPMQkaehfhgjjhjijxkrkcaafgj,1,10
kLLzvQQkaceigihgjjjjkdqauxjwfn,1,10
kLLLLAQkccgeihjihjjtniwkrtnjxl,1,10
kLLLzPQkaceghjgiiijjkfkqivmwjw,1,10
kLvAMwQkadffghhjiijnqqojxhajns,1,10
kLvLMMQkaefgihjihijjxcsasxlfpn,1,10
kLLzPzQkacefhiigijjjkdblpjjfwn,1,10
kLLLMLQkacefhgjhjjijkfrtvumjcw,1,10
kLLvPAQkacghifihijjjkvtaklipgj,1,10
kLvPAPAkccgfeihgijjqnhhhaanfhs,1,10
iLLLPQcbceffgghhdfeevkvjw,0,8
iLLLMQcbddgfghghljfhjfqow,0,8
iLLLMQccddfgfghhlkkxjfoqw,0,8
iLLLPQcbcgehfghhtsmtssgbs,0,8
iLLALQcbcedfhghhekejjhjhe,0,8
iLLLPQcbceffhghhdfulgwvfv,1,8
ivLLQQccdehgfhghfwjmapgrv,1,8
kLvALAQkcdefhgjhijjaveckftnjpq,0,10
kLvLMPQkbdegijhjhijafessawlnfd,0,10
iLLLMQccddfgfghhtcrljfoxr,1,8
iLLALQcceddghghhtqvnjxfue,1,8
kLvAMwQkcdeeghhjjijaveqwgkipnf,0,10
kLLAvPQkceddghjhijjtqvnfulebww,0,10
kLLALMMkbcedhhgiijjdwlfqdnafnr,0,10
kLLAMLPkbcedfghjijjdwlfhqktjtd,0,10
kLLvLQQkbegfgijhijjaaujsnkbofs,0,10
kLLAzPMkccdeggihjjjhwvlccaxahh,0,10
kLLAzPMkcddefgihjjjhsjaogtiapp,0,10
kLLLwQPkbedehgijjijaafdsopmhts,0,10
kLLLvQQkbedjhiijjhiaafajnjuucb,0,10
kLvLQLQkbdfeghijjijtfatnshlper,0,10
kLLLzPQkccfgfhijijjlnalfndmten,0,10
kLwLLQPkacgfgihjjijjgjkgtqajff,0,10
kLLLMzQkccfghfjijijqfaajfumaxf,0,10
kvLALPQkdeehgijjijisvrpjsorbnb,0,10
kLLMvPQkacdehgijijjjkacxmbgwfr,0,10
kLvAMLQkadfegihjjijnaqcjiaqrcg,0,10
kLLAvPQkbcedhgjiijjtsxjajetrwn,0,10
kLLAzQzkcdedfhghijjqgxrkurlnxk,1,10
kLLAzwQkcdedfgijjijqgxrkjtvwkr,1,10
kLLvPQPkcdhgifihjjjhshgsfwoapi,0,10
kLLLMzQkccfghfjijijqfaavfuhihg,0,10
kLLLLMQkbdgfhihhjjjhglkgfwkelx,0,10
kLvAzMQkcfegihghijjptaucwcgoej,0,10
kLvALPQkcdehggijijjuvuongvucul,0,10
kLLLLAQkbedhggijiijelfcnkwhkrs,0,10
kLLLzMQkccfehgijjijqfadgoelauk,0,10
kvLALPQkcedghgjiijjkrcpnkjgnfk,0,10
kvLAvQQkcedighjhijjwvcakrvnrss,0,10
kLLLLPQkceggihhjjijatalsswppgu,0,10
kLLvLQQkbefgiihhjjjaaajjwvnsfg,0,10
kLwLLMQkacgfgjihjijjgjkgapisfb,0,10
kLLLzAQkccfgifjhijjtnaldfmkpib,0,10
kLvAvQQkcdehggijijjpvabwsvpkal,0,10
kLLvMQPkcdhiifhjjhjlwakwfoqqvq,0,10
kLLLLAQkbedhiigjhijdlfncnwxnwj,1,10
kLLLMMMkccegghhijjjtnpegvvtlfn,1,10
kLLLALQkbedgfihjijjaanxhellojb,0,10
kLLLLAQkbdghgfihijjxvtrfgkvjhw,0,10
kLLvMAQkccgihijijhjqfuwvvdrhsa,0,10
kLLLvQQkcdffhjjiijitwprclanvxc,0,10
kLvAzAQkcefgghihijjpmdpwjfgoar,0,10
kLLLAzQkcegffhhjijjapaauckemgo,0,10
kLLLLPQkbedfhijjiijaawjnneljfx,0,10
kLLLLMQkbdffgihhijjhgdsnbrojij,0,10
kLLLLAQkbefhggijjijaaqessoambu,0,10
kLLLwQMkcddegihijjjlwflkatlnkk,1,10
kLLLAPPkbcgfeghjjjilsmdtbubooj,1,10
kLvAzMQkbefgihjijijedeuvvawesu,0,10
kvLLAPQkddefjhihjijrwfuvkvorfw,0,10
kLLLzPQkccfgfhijjijlnalfnptudo,0,10
kLwLLQPkacgfgihjjijjgjkgmeawkg,0,10
iLLLAQcccfgefghhqfdaqfwew,1,8
kLLLAwQkccfgefhjijjqfdaqfenfww,0,10
iLLLMQcacfegghhhjsgcjkxpp,1,8
iLLLPQcacfhfhgghnkgmnanvi,1,8
iLvPAQcafegefghhjixgjjclw,1,8
kLLLPMPkccfgfghjijjakamnkgxtwk,0,10
kLLLPMPkbddgfhhiijjajfjsjcdesw,0,10
kLLLLAQkccfgifihjjjpvagwfnrpxp,0,10
kLLvAPQkbeehjghijijaamaxjvsuct,0,10
kLLLMAPkbedefhgijjjaafdbkoddkn,0,10
kLLALAMkccdefhgijjjhwvlcxcaahh,0,10
iLLLQPcbdeegfghhdsxpxckan,1,8
kLLAzAPkccdeghgijjjakvhvlcfcfv,0,10
iLLLQPcbddgfgfhhdsrxwjjmk,1,8
iLLPPMccdefegghhtcpeubvtj,1,8
kLLLQvQkbddgfghijjjdsrxwjmwgjj,0,10
kLLLLAQkccfigfijijjakajkfkxbdp,0,10
kLLALPPkbedefhijijjaanuvfltluj,0,10
kLLLMLQkbddgfgjiijjdsrxfgtsrjf,0,10
iLLwPQccdehfghghuwiujoobf,1,8
kLLLMLQkbedfgjhijijaafujpwxmuj,0,10
kLLvzQQkcdejhjgihijlwlaopsojft,0,10
kLLLMLQkbedghjghijjaafestcnhsg,0,10
kLLLPLQkbedhfgjhijjtmfagwxgagr,0,10
kLLLMPPkbedfgihhjjjdlfhvljvtsw,0,10
kLLLPLQkbedgfhihjjjtmfhgchjekj,0,10
kLLLzPQkcdfehhjihjjlwplkwitbbv,0,10
kLLLzQAkbeggfhgiijjluttsokrkhs,0,10
kLLLMAMkcdfehfgijjjlwpmwfbaabb,0,10
kLLLMMMkccegfghijjjqfxucfneagg,0,10
kLLAwzQkbeedfiijjijaapwxxamcbw,0,10
kLLLAAMkcedgfhgijjjpasmxashall,0,10
kLvAALQkbefgghiijjjexeqajlxuhg,0,10
kLLLPPPkccfghfijjijtnalbfxuipg,0,10
kLLLLPQkbefegijhijjdlmdkntcgqa,1,10
kLLLQLAkcdgfeghiijjtfeahnihfes,1,10
jLLLAQPcegfghghiiauaapcskhw,0,9
jLLLLQQcegfighhiiapamrrvfng,0,9
hLvQMkadefefggjaehjfhw,1,7
jLLLPAQbddghfhihiajfjnoshfw,0,9
jLvLMQQaegfighihinxgfackpkl,0,9
hLLAAkcddeffggtcsaqraj,1,7
jLLwPAQacdfghhiiijkajaqawwo,0,9
jLLLMQPbddggfhgiiljfhkkqnhr,0,9
jLLALQPbcedfghhiiekejjcluow,0,9
jLLLMQPcddffgghiilkkxkkkqhr,0,9
jLLLzQQbddfhigihidwfgcqnhre,0,9
jLLLMPQcdffgihihilceigicifq,1,9
jLvAMPQcdeghghiiitvapnnntdi,1,9
jLLLLQQccfggfhiiilnakjfnnfc,1,9
jLLLPQPbcfefghhiiebpiobrrxj,1,9
jLLLMMQccfghgigiiqfdawfawqm,1,9
jLLvPQQcdhgifihhihfeggkvoow,1,9
jLLALQPbcedfhghiieodojhjhow,1,9
jLvwMQQadehfgiihinacjskuqba,1,9
jLLALAQbcedhhgiiidvajqdchuj,1,9
jLLLAAQbcggefhiiitsqptsaagf,1,9
jLLvMQQacegghigiijscjkaavcv,1,9
jLLLAPQccgfegiihiqfexqjauww,1,9
jLLLLQQbcgfifiihhtsmgjbjjfn,1,9
jLLLLQQbceifhghhitjesjgbrfw,1,9
jLLvPQQacfghghgiijssjlkavok,1,9
jLLPLMQacefghiihinklgautvwf,1,9
jLLvMQQacefghghiinkcnnavavj,1,9
jLvAAQPbeffgghhiiexeqackfas,1,9
jLvAzQQbefggihghiexeicokrjs,1,9
jLLLLQQcedfiihghiltfofccjfc,1,9
jLvAwQQcdefhgghiilraqjbvrmk,1,9
jLLwPAQcdefghhiiilwptvjcedd,1,9
jLLwMMQcdegfhihiiuwiajwmjmu,1,9
jLLLLQQcdfeihhiihlwpswkwbjb,1,9
kLLLwQMkbedeighiijjaafduoclemj,0,10
kLLLPAMkbedhfhgiijjaafdjroheow,0,10
kLLLLQPkcegfighiijjauamfsvkgmw,0,10
kLLLMLQkcdgehighjjjagamravkmkj,0,10
kLLAvPQkbcedjghhijjtsafanxtjbb,0,10
iLvAAQcaefegghghnlqvgfasr,1,8
iLLLMQcacfegfghhjkgsjsvmn,1,8
iLLLAQcbcgeffghhdfimmbves,1,8
kLLLMLQkacfegghijjjjkgsjvmcjss,0,10
kLvAzQAkbefgghihijjaptabosocxk,0,10
kLvALMQkadfghijijjijaqjpamairb,0,10
kLLvAPQkaceghjgijijjkskaxvxvcn,0,10
iLLLQMcbdeggfghhtrephwrhr,1,8
kLvAAMAkcdeegghhijjaveqmcphkxn,0,10
kLLALQzkbcedfghhijjekeffoahohr,0,10
kLLALAAkceddgghhijjpqvrorpuchr,0,10
kLwPvAQkacdfghjiijjngxgaqfcngn,0,10
kLLALMMkbcedhhgiijjekejxtjakjw,0,10
kLvPLMQkccgifhjhijjqjawnsxsoem,0,10
kLLMLPAkcdedgghhijjlkhkrjudwhr,0,10
kLvAzMQkbefgighjjijtalajnbaenp,0,10
kLvLAMQkcfghgijihjjpuaiofaroxi,1,10
kLLMvMQkbcdegjihjijebbpbuphkvv,1,10
kLLLzQAkcddgfighijjtgfrfarfmkk,1,10
kLLLMLQkccgfhgiijjjqfexwjleqmg,1,10
kLwvAPQkacfeigjhijjnggsqbdxbkb,1,10
kLLLzPQkccfejghijijqfauaofhqig,1,10
kLvAzMQkbefgihjihjjedeuvvawvml,1,10
kLLAvMQkbddeghjjiijtvnlnldacvj,1,10
kLLLzMQkcedgghiiijjttfxswliuqn,1,10
kLLLLMQkcedfggiijjjppgonoggmau,1,10
kLLLAwQkcedfgghijjjttfaxsikkvc,1,10
kLLLLAQkbcgfifjhjijtsmjjkaflkx,1,10
kLLvMPQkcdegghijijjqgpcjsfxfxq,1,10
kLLMvAQkacdeghijjijjkanaxsobcn,1,10
kLLLAzQkcddeghhiijjpgrmgaqqjsw,1,10
kLLALQzkbcedfghhijjeodojcluohr,1,10
kLLALzQkbcedfgijjijeodojjmbjjc,1,10
kLvwLQQkadfijihjihjnagaqarqqba,1,10
kLvALAQkadfgihhijjjjaqjxqqeikf,1,10
kLLMvAQkcdedhgjiijjpkhrarqxfns,1,10
kLLLAPPkcddeghijjijpgrmgatxkjk,1,10
kLLLLAQkbcgfifjhjijtsmjjkafmch,1,10
kLLAvMQkbddegjijijitvnlnllacov,1,10
kLLLLQPkcedfghgijjjppgonvoghiq,1,10
kLLLAMAkcedfgghiijjttfaxsllkmn,1,10
kLLLLMQkccffgjihiijqfaofxsscvj,1,10
kLLLMLQkccfghhgjjijqfeawnouuww,1,10
kLLLLAQkacfghfjijijnkgnakqucbg,1,10
kLLPLLQkacefgihjijjjsxgaxnfrsf,1,10
kLLLLPQkbddhiggiijjdwfwaknhldn,1,10
kLLLMMMkccfgfhihjijqfaaooxshjr,1,10
kLLzwMQkaceegjihjijjsxcaigvscg,1,10
kLLAvAQkbcedigjhiijtsaftohtgkj,1,10
kLLMvQMkacdeghgiijjjkacexxcvqn,1,10
kLLLLPQkacfggijjihjjsgjkxaarkr,1,10
kLLPLPPkacefgihjjijnklgatliaoi,1,10
kLLPvQMkacefhgiijjjnklguulcdxd,1,10
kLLzLAQkacehighjiijnklaualcvws,1,10
kLLLAzQkacfeghjhijjnkgckmaqrgf,1,10
kLLLLPQkbcdiijghjijebnedevftlu,1,10
kLLLLPQkccfifhhiijjubabfkoocmk,1,10
kLLLLPQkcddfhjijihjhsggvaatuwr,1,10
kLvALPQkcfehighjijjptadrvbarqx,1,10
kLLLLAQkbdghffhjijjlvmbfwwmcih,1,10
kLLwPPAkcdefhhiihjjuwiungqufbr,1,10
kLLwMPPkcdeghihihjjlwpawurejrr,1,10
kLLLLPQkcdfehhiijjjlwpskwvnaul,1,10
kLLvLQQkcefgjigjhjiupejgnwjjjr,1,10
jLLLMMQaedfhgghiinxigancubr,1,9
jLLLLQQbcfigfihihebpjggnfnr,1,9
jLLLPMQacgfhhgihijkcouactmj,1,9
jLLLLQQcddhfhgihilgfgwsvafj,1,9
jLLLPQPbcfegfhhiiebqxnwrran,1,9
jLLvPQQacfghghgiinssklbavjk,1,9
jLvAPQPcdchfgghiihvrwsjsvaw,1,9
jLLLAMQacfegfihiijkgsksaxjw,1,9
jLLLMQPbddgfghgiilwjpjfqohr,1,9
jLLLMQPcddfgfghiilkwljfoqhr,1,9
jLvAMAQbeffehhihiexedxokxjk,1,9
jLvAMAQbeffehhihiduddqggqjj,1,9
jLLLMPQccfgfiihihufaprllfek,1,9
jLLAvQQacdeihihhinkalncrfrr,1,9
jLLPLMQacefhghihinklgiiqggs,1,9
kLLLLQAkbcfigighhjjdfpkfcobbpk,1,10
kLLLzAQkccefigihijjpvxxhsanqhj,1,10
kLLLzQAkaeegihgihjjjqxsqaohhhr,1,10
kLLLLAQkccfihfgiijjtnaggfjcbpr,1,10
kLLLPzQkccfgeiijjhjtnalshldtjs,1,10
kLLLLAQkcddfhhijjjilgfoocaplaj,1,10
kLLLLAQkacghhfihjjjjkcuakumior,1,10
kLLLMMMkacfehfiiijjjkgrqkadgkj,1,10
kLLwLQAkaedfgghhijjjlanngqqbqj,1,10
kLLLAAPkacefgfhjijjjkvfkvtjggf,1,10
kLLLMwQkacefgfihijjjkvfjvenwnk,1,10
kLLLPwQkbcfegfhijjjebqxnwfqtvb,1,10
kLLLwQPkcddeiighjijlgfmqpvegvj,1,10
kLLLPAMkcddghfhijjjlgfggwsptov,1,10
kLLLPAAkbcfehfghijjebqxowvkhhr,1,10
kLLLLAQkacfghfjijijjkgjakexrbg,1,10
kLLLzQMkccfghfihjijqfaiwwafikr,1,10
kLLLLQMkacfgigigjijnsgktbxvxbk,1,10
kLLLPLQkcedgghiiijjlpfxnwhlahk,1,10
kLLLQLMkcedfgghiijjlpfaxnhlrhj,1,10
kLLLPAAkbcfehfghijjdfmqgnvkhqj,1,10
kLLLAwQkacfegfijijjjkgsksdcrnv,1,10
kLvzMMQkccfifghjjijhrhwsbvmxou,1,10
kLLLAAAkcdeefghhijjtgimmraprhw,1,10
kLLPzzQkcdcfghjijijhsrawtaikjo,1,10
kLLLMAAkcddehghhijjpgrmeneadhr,1,10
kLLzLPQkcdcfgjjiijihsrgvatppiq,1,10
kLvLAQPkcfhehfijiijuplewsrqrvj,1,10
kLvPALQkccgfeijhjijhrahquhmnjr,1,10
kLLLPPAkbcgefhghijjdwedjfbfdxk,1,10
kLLvAQAkccgefhghijjqfuqkvgsqxn,1,10
kLLLLQMkcddffiihijjpkrknharppw,1,10
kLLLLMQkcedgfgijijjplgkfngijai,1,10
kLLLLQPkcedgfhgjijjplgkfvnujui,1,10
kLLMwLQkbcdefiijjijebbpukfffnb,1,10
kLLLAMMkceefegihijjluiairunlok,1,10
kLLALLQkacdefjhhjijnkaiairfdwv,1,10
kLLLAMAkccgeffihijjpvqdtfquwtj,1,10
kLLALLQkacdefhhjijjnkallfrqaof,1,10
kLLMvMQkbcdegihijijebbpballncj,1,10
kLLzvQQkacefgijijhjjsxcaxnrnkk,1,10
kLLLAMMkacfefgihijjjkgcormdbmn,1,10
kLLLMwQkacfehfihijjjkgcqbdmgvw,1,10
jLLLAQPacfgfghhiijkgooohpsk,1,9
jLLAvQQbdedihhihievisipapll,1,9
kLLLLMQkcddhhhgiijjlgfgoonahcj,1,10
kLLLAPPkaeeffihjijjjqxgvxpirsj,1,10
kLLLPLQkbcffhjjhjiiebpenllfatn,1,10
kLLAvQAkbdceihiihjjevrlhhlphow,1,10
kLLLAPMkacfgfhhiijjjkgooixinbk,1,10
kLLLAQzkaeeffhghijjjqxgvqfpbhr,1,10
kLLAvAQkaedegiihhjjnxahiisbkbr,1,10
iLLLQPcbefgfehhhxxdddpmxl,1,8
kLLLLQPkceegihgjijjulmuwvkegmq,1,10
kLLALPMkbdedghhiijjevisvpaencn,1,10
kLLAwzQkbdeefghijjjhgatpfevsjn,1,10
jLLLPAQcceghffiiilnmdcfnhie,1,9
jLLAvQQbedeihihihxxrmpfmgqb,1,9
jLLLAPQceefehhiiiulmamrviaa,1,9
iLLLMQccedffgghhpqracgrwk,1,8
kLLLLAQkbddifhghjjjdwfxwjjfmcv,1,10
kLLALLQkbedefhjhjjixxrmkgabagn,1,10
kLLLLAQkbdehfgjjjiidwxjgrauucs,1,10
kLLAvAQkbedeghijijjxxrmrfdldek,1,10
kLLAwPPkbdeefgiijjjhgatpfpvvof,1,10
kLLLAzQkcefffgijijjplxadsimiag,1,10
jLLLAPQbdfgehghiidwqplavqkk,1,9
jLLMvQQbcdeghigiixgrarhhwof,1,9
jLLLLQQbcghiffihitsmnoojvfg,1,9
jLLALMQbeedfghhiihhekwfsriw,1,9
jLLAwMQbeedfhihiihhekaetpxw,1,9
jLLLAQPcefffhghiiplxadgsgej,1,9
kLLLLPQkbddhigjgijjdwfwxjpjadb,1,10
iLLLAQcadefeghhhjuxgwsqqx,1,8
kLLzLPQkccdhijgjihjqffkmhrtmkb,1,10
kLLLvQQkcddfjiihjhjpkrfhexwxkc,1,10
kLLLLMQkbcgihfjjhijtsmgojqqfkl,1,10
kLLLLPQkbcgihfhijjjtsmjjjsvmmi,1,10
kLLAPLPkbdedfghiijjeviskvekwvn,1,10
kLLAzPPkbdecfgijjijdwajjkajwjk,1,10
kLLAwwQkbeedfhihijjhhekaeuannj,1,10
kLLLwMQkbedeijhgijjhhfmatjruxj,1,10
kLLAzMPkbdedfhhijjjeviskipxvns,1,10
kLLLMPPkcddffihijjjukfakatejbf,1,10
kLLLzAQkccehffihijjlnmpfnpsmrn,1,10
kLLAwPPkbdeefihiijjhgatpdmdvrj,1,10
jLLLAPQbcdgfihhiitsjxgxpiub,1,9
jLLLzQQbddghgfiiidwfscsjqlm,1,9
kLLLPLQkadeehgjiijjjuxwugadgfg,1,10
kLLLLMQkbcgeiihjhjjtsmsjssufep,1,10
kLLLLPQkbcgeijhijijtsmsbqbbqsq,1,10
kLLLLPQkbddhgfjiijjdwfwsjididv,1,10
kLvLAMQkaegfiijjhijjxgrpqaqgau,1,10
